﻿欄位1,欄位2,欄位3,欄位4,欄位5,欄位6
填表日期7ノ年     月日  日,,,,,
鋼管規格,"12""(φ318.5)*5.5*6.000M",材質,SPHT-2,,TM-23
工令單號碼,113-23-410,客戶,鋒剛,,
檢驗項目,時間標準,7J,11:0>,13.1>,
鋼帶寬度,92±0.5mm,992,,992,
鋼帶厚度,.↑±0J5mm,5=4,,5.4,
電     流,600-1T00      A,950,,950,
,280-380      V,80,>$,>8,
熔接速度,7-1>m/min,9,,,
焊縫退火溫度,900℃+25/-0℃,,,,
内外焊道刮除,内焊道+1.52mm/-0.38mm,+010,,,
外焊道需平順,水,k,水,,
定徑前(Da),mm,,,,
定徑後(Db),,,,,
定徑率(Da-Db)/Da,>0.003以上<0.015以下,,,,
外徑,上限,321.0 mm,,,
下限,316.0 mm,,,,
真圓度,<1.0%x中心值=3.2mm,>.0,3.0,2.0,
外      觀,需無傷痕,水,0K,,
長      度,6000mm +50mm0mm,+21,+20,+3>,
直      度,<長度*0.1%=6mm,3,,,
端口垂直度,90^°± 1mm,0.0.4.,,0.4,
修端斜角,32.5°±2.5°,33134,3-133,3134,/
根面,1.6±0.8(A端/B端),ok,04,水,/
導彎壓扁,應無裂痕,k,ok,,
判      定,合格：OK,oK,o1c,,
品保課長,周彼得,製管課長,魏證倫,檢查員,盧家勇
