﻿欄位1,欄位2,欄位3,欄位4,欄位5,欄位6
,填表日期·77           月     日,,,,
鋼管規格,"12""*8.0*12.000M",材質,SM490A,,TM-23
工令單號碼,113-23-415,客戶,大勝,,
檢驗項目,時間標準,11:37,,,
鋼帶寬度,986± 0.5 mm,986,,,
鋼帶厚度,8.0 ± 1. mm,8.0,,,
電    流,600-1+OU     A,1150,,,
電 壓,280-380     V,300,,,
熔接速度,7-1> m/min,9,,,
焊縫退火溫度,900℃+25/-0°℃,,,,
内外焊道刮除,内焊道+1.50mm/-0.40mm,+010,,,
外焊道需平順,oK,,,,
定徑前(Da),mm,,,,
定徑後(Db),315.3~321.7 mm,,,,
定徑率(Da-Db)/Da,>0.003以上<0.015以下,,,,
外徑,上限,321.7mm,319.3,,
下限,315.3 mm,317.3,,,
真圓度,<1.0%x中心值=3.2mm,2.0,,,
外      觀,需無傷痕,0k,,,
長      度,12000mm+50mm-0mm,+27,,,
直      度,<長度*0.1%=12mm,3,,,
端口垂直度,90°± 1mm,0.%.5,,,
修端斜角,平2,f10,/,,
根面,,/,1,/,
導彎·壓扁,應無裂痕,0K,,,
判      定,合格：OK,6k,,,
品保課長,周彼得,製管課長,魏證倫,檢查員,盧家勇
