﻿欄位1,欄位2,欄位3,欄位4,欄位5,欄位6
填表日期/年,月7日,,,,
鋼管規格,"6412""*9.8*12.000M",材質,SPHT-3,製管機碼,TM-23
工令單號碼,113-23-420、421,客戶,大勝，换順,,
檢驗項目,時間標準,08.14,09.03,,
鋼帶寬度,980 ± 0.5mm,P8o,980,,
鋼帶厚度,9.8 ±0.78mm,9.6,,,
,600-1500A,1200,,,
電      壓,280-380V,310,,,
熔接速度,7-12 m/min,9,,,
焊縫退火溫度,900℃+25/-0°℃,,,,
内外焊道刮除,内焊道+1.50mm/-0.40mm,+010,,,
外焊道需平順,ok,0K,,,
定徑前(Da),mm,,,,
定徑後(Db),316.0~321.0 mm,,,,
定徑率(Da-Db)/Da,>0.003以上<0.015以下,,,,
外徑,上限,321.0mm,319.0,,
下限,316.0mm,317.0,,,
真圓度,<1.0%x中心值=3.2mm,2.0,,,
外      觀,需無傷痕,水,0k,,
長       度,12000mm +50mm6-0mm,+>7,+>0,,
直       度,m<長度*0.1%=12mm,7,3,,
端口垂直度,90{± 1mm,0.4.5,0.1.4,,
修端斜角,32.5°±2.5°,33134,32133,1,/
根面,1.6±0.8(A端/B端),ok,/,,
導彎壓扁,應無裂痕,水,,,
判     定,合格：OK,0K,1<,,
品保課長,周彼得,製管課長,魏證倫,檢查員,盧家勇
