﻿欄位1,欄位2,欄位3,欄位4,欄位5,欄位6,欄位7
鋼管規格,"12""*12.0*12.000M",材質,SM490A,,TM-23,
工令單號碼,113-23-422,客戶,大勝,,,
檢驗項目,時間標準,10:15,,,,
鋼帶寬度,915 ± 0.0mm,97T,,,,
鋼帶厚度,12.0 ± 1.5mm,12.0,,,,
電     流,600-1500       A,130,,,,
電      壓,28-380      V,340,,,,
熔接速度,7-12    m/min,8.5,,,,
焊縫退火溫度,900℃+25/-0℃,,,,,
内外焊道刮除,内焊道+1.50mm/-0.40mm,+e10,,,,
外焊道需平順,0K,,,,,
定徑前(Da),mm,,,,,
定徑後(Db),315.3~321.7 mm,,,,,
定徑率(Da-Db)/Da,>0.003以上<0.015以下,,,,,
外徑,上限,321.7mm,320.0,,,
下限,315.3 mm,318-0,,,,
真圓度,<1.0%x中心值=3.2mm,2.0,,,,
外      觀,需無傷痕,oK,,,,
長      度,12000mm +50mm-0mm,+27,,,,
直      度,<長度*0.1%=12mm,,,,,
端口垂直度,90^°± 1mm,0.4.5,,,,
修端斜角,平口,$平12,1,/,,
根面,,/,,,,
導彎、壓扁,應無裂痕,oK,,,,
判      定,合格：OK,oK,,,,
品保課長,周彼得,製管課長,魏證倫,檢查員,盧家勇,|i
