﻿欄位1,欄位2,欄位3,欄位4,欄位5,欄位6
,填衣口期7年      月0   日,,,,
鋼管規格,"12""*6.4*6.000M",材質,SS400,製管機碼,TM-23
工令單號碼,113-23-413,客戶,華西昌，向虹,,
檢驗項目,時間標準,11=10,,,
鋼帶寬度,996.± 0.5mm,790,,,
鋼帶厚度,6.4 ± 0.6mm,6.4,,,
電流,600-1500    A,1000,,,
電      壓,280~380    V,>90,,,
熔接速度,ク-12 m/min,9,,,
焊縫退火溫度,900℃+25/-0℃,,,,
内外焊道刮除,内焊道,+010,,,
外焊道需平順,K,,,,
定徑前(Da),mm,,,,
定徑後(Db),316~,,,,
定徑率(Da-Db)/Da,>0.003以上<0.015以下,,,,
外徑,上限,321      mm,3)%0,,
下限,316mm,317.0,,,
真圓度,<3.2mm,>、0,,,
外       觀,需無傷痕,ok,,,
長       度,6000mm +50mm/omm,+23,,,
直      度,<長度*0.1%=mm,3,,,
端口垂直度,90^°±1mm,0.8.,,,
修端斜角,32.5°±2.5°,33134,/,,
根面,,/,,,
導彎、壓扁,應無裂痕,0k,,,
判      定,合格：OK,ok,,(id),
品保課長,周彼得,製管課長,魏證倫,檢查員,盧家勇
