﻿欄位1,欄位2,欄位3,欄位4,欄位5,欄位6
填表日期：年    月6.日,,,,,
鋼管規格,"1212""*6.0*6.000M",材質,SM490A,製管機號媽,TM-23
工令單號碼,113-23-411、412,客戶,大勝,,
檢驗項目,時間標準,8=1.,09:>3,,
鋼带寬度,99,±0mm,991,99,
鋼帶厚度,6.0±0.75mm,5.85,t.g于,,
電流,600-1500A,0,$9$,,
電     壓,280-380V,280.,80,,
熔接速度,7-12 m/min,9,,,
焊縫退火溫度,900℃+25/-0°℃,,,,
内外焊道刮除,内焊道+1.50mm/-0.40mm,+010,,,
外焊道需平順,0k,ok,,,
定徑前(Da),mm,,,,
定徑後(Db),315.3~321.7 mm,,,,
定徑率(Da-Db)/Da,>0.003以上<0.015以下,,,,
外徑,上限,321.7mm,319.6,319.4,
下限,315.3mm,317.4,,,
真圓度,<1.0%x中心值=3.2mm,.2,>0,,
外      觀,需無傷痕,水,k,,
長      度,6000mm +50mm12-0mm,+ 7,t>0,,
直      度,<長度*0.1%=6mm,3,,,
端口垂直度,90°± 1mm,,0,,
修端斜角,平口,平1D,,/,
根面,,/,,,
導彎、壓扁,應無裂痕,,,,
判      定,合格：OK,,,,
品保課長,周彼得,製管課長,魏證倫,檢查員,盧家勇
